output	source	type	sheet_or_pages	page_count	width	height
001_samples__ハンバーガー注文サイト__ハンバーガー注文サイト システム概要仕様書.jpg	samples/ハンバーガー注文サイト/ハンバーガー注文サイト システム概要仕様書.docx	Word	16 pages	16	993	22464
002_samples__ハンバーガー注文サイト__ハンバーガー注文サイト システム構造設計書.jpg	samples/ハンバーガー注文サイト/ハンバーガー注文サイト システム構造設計書.docx	Word	8 pages	8	993	11232
003_samples__ハンバーガー注文サイト__ハンバーガー注文サイト データベース定義書__sheet_01_表紙.jpg	samples/ハンバーガー注文サイト/ハンバーガー注文サイト データベース定義書.xlsx	Excel	表紙	1	1404	993
003_samples__ハンバーガー注文サイト__ハンバーガー注文サイト データベース定義書__sheet_02_更新履歴.jpg	samples/ハンバーガー注文サイト/ハンバーガー注文サイト データベース定義書.xlsx	Excel	更新履歴	2	1404	1986
003_samples__ハンバーガー注文サイト__ハンバーガー注文サイト データベース定義書__sheet_03_一覧.jpg	samples/ハンバーガー注文サイト/ハンバーガー注文サイト データベース定義書.xlsx	Excel	一覧	2	1404	1986
003_samples__ハンバーガー注文サイト__ハンバーガー注文サイト データベース定義書__sheet_04_ER図.jpg	samples/ハンバーガー注文サイト/ハンバーガー注文サイト データベース定義書.xlsx	Excel	ER図	4	993	5616
003_samples__ハンバーガー注文サイト__ハンバーガー注文サイト データベース定義書__sheet_05_products.jpg	samples/ハンバーガー注文サイト/ハンバーガー注文サイト データベース定義書.xlsx	Excel	products	2	1404	1986
003_samples__ハンバーガー注文サイト__ハンバーガー注文サイト データベース定義書__sheet_06_categories.jpg	samples/ハンバーガー注文サイト/ハンバーガー注文サイト データベース定義書.xlsx	Excel	categories	2	1404	1986
003_samples__ハンバーガー注文サイト__ハンバーガー注文サイト データベース定義書__sheet_07_sales.jpg	samples/ハンバーガー注文サイト/ハンバーガー注文サイト データベース定義書.xlsx	Excel	sales	2	1404	1986
003_samples__ハンバーガー注文サイト__ハンバーガー注文サイト データベース定義書__sheet_08_orders.jpg	samples/ハンバーガー注文サイト/ハンバーガー注文サイト データベース定義書.xlsx	Excel	orders	2	1404	1986
003_samples__ハンバーガー注文サイト__ハンバーガー注文サイト データベース定義書__sheet_09_customers.jpg	samples/ハンバーガー注文サイト/ハンバーガー注文サイト データベース定義書.xlsx	Excel	customers	2	1404	1986
003_samples__ハンバーガー注文サイト__ハンバーガー注文サイト データベース定義書__sheet_10_users.jpg	samples/ハンバーガー注文サイト/ハンバーガー注文サイト データベース定義書.xlsx	Excel	users	2	1404	1986
003_samples__ハンバーガー注文サイト__ハンバーガー注文サイト データベース定義書__sheet_11_product_recommendations.jpg	samples/ハンバーガー注文サイト/ハンバーガー注文サイト データベース定義書.xlsx	Excel	product_recommendations	2	1404	1986
003_samples__ハンバーガー注文サイト__ハンバーガー注文サイト データベース定義書__sheet_12_setmenus.jpg	samples/ハンバーガー注文サイト/ハンバーガー注文サイト データベース定義書.xlsx	Excel	setmenus	2	1404	1986
003_samples__ハンバーガー注文サイト__ハンバーガー注文サイト データベース定義書__sheet_13_setmenu_items.jpg	samples/ハンバーガー注文サイト/ハンバーガー注文サイト データベース定義書.xlsx	Excel	setmenu_items	2	1404	1986
003_samples__ハンバーガー注文サイト__ハンバーガー注文サイト プロジェクト計画シート__sheet_01_プロジェクト計画シート.jpg	samples/ハンバーガー注文サイト/ハンバーガー注文サイト プロジェクト計画シート.xlsx	Excel	プロジェクト計画シート	1	1404	993
003_samples__ハンバーガー注文サイト__ハンバーガー注文サイト 外部設計書 商品管理部.jpg	samples/ハンバーガー注文サイト/ハンバーガー注文サイト 外部設計書 商品管理部.docx	Word	11 pages	11	993	15444
004_samples__ハンバーガー注文サイト__ハンバーガー注文サイト 外部設計書 復旧計画.jpg	samples/ハンバーガー注文サイト/ハンバーガー注文サイト 外部設計書 復旧計画.docx	Word	7 pages	7	993	9828
005_samples__ハンバーガー注文サイト__ハンバーガー注文サイト 外部設計書 注文サイト部.jpg	samples/ハンバーガー注文サイト/ハンバーガー注文サイト 外部設計書 注文サイト部.docx	Word	12 pages	12	993	16848
006_samples__ハンバーガー注文サイト__ハンバーガー注文サイト 外部設計書 注文番号部.jpg	samples/ハンバーガー注文サイト/ハンバーガー注文サイト 外部設計書 注文番号部.docx	Word	8 pages	8	993	11232
007_samples__ハンバーガー注文サイト__ハンバーガー注文サイト 外部設計書 販売情報部.jpg	samples/ハンバーガー注文サイト/ハンバーガー注文サイト 外部設計書 販売情報部.docx	Word	9 pages	9	993	12636
008_samples__ハンバーガー注文サイト__ハンバーガー注文サイト 要求定義書.jpg	samples/ハンバーガー注文サイト/ハンバーガー注文サイト 要求定義書.docx	Word	6 pages	6	993	8424
009_テンプレート__保守運用__システム復旧手順書.jpg	テンプレート/保守運用/システム復旧手順書.docx	Word	6 pages	6	993	8424
010_テンプレート__保守運用__システム更新手順書.jpg	テンプレート/保守運用/システム更新手順書.docx	Word	6 pages	6	993	8424
011_テンプレート__保守運用__システム障害管理.jpg	テンプレート/保守運用/システム障害管理.docx	Word	1 pages	1	993	1404
012_テンプレート__保守運用__システム障害管理一覧__sheet_01_表紙.jpg	テンプレート/保守運用/システム障害管理一覧.xlsx	Excel	表紙	1	1404	993
012_テンプレート__保守運用__システム障害管理一覧__sheet_02_システム障害管理一覧.jpg	テンプレート/保守運用/システム障害管理一覧.xlsx	Excel	システム障害管理一覧	4	1404	3972
012_テンプレート__保守運用__システム障害管理一覧__sheet_03_Sheet3.jpg	テンプレート/保守運用/システム障害管理一覧.xlsx	Excel	Sheet3	1	993	1404
012_テンプレート__実装工程__単体試験一覧__sheet_01_表紙.jpg	テンプレート/実装工程/単体試験一覧.xlsx	Excel	表紙	1	1404	993
012_テンプレート__実装工程__単体試験一覧__sheet_02_不具合管理一覧.jpg	テンプレート/実装工程/単体試験一覧.xlsx	Excel	不具合管理一覧	4	1404	3972
012_テンプレート__要件定義__スケジュール__sheet_01_仕様書の基本と仕組みシステムスケジュール.jpg	テンプレート/要件定義/スケジュール.xlsx	Excel	仕様書の基本と仕組みシステムスケジュール	6	993	8424
012_テンプレート__要件定義__スケジュール__sheet_02_Sheet2.jpg	テンプレート/要件定義/スケジュール.xlsx	Excel	Sheet2	1	993	1404
012_テンプレート__要件定義__スケジュール__sheet_03_Sheet3.jpg	テンプレート/要件定義/スケジュール.xlsx	Excel	Sheet3	1	993	1404
012_テンプレート__要件定義__プロジェクト計画書.jpg	テンプレート/要件定義/プロジェクト計画書.docx	Word	7 pages	7	993	9828
013_テンプレート__要件定義__要求定義書.jpg	テンプレート/要件定義/要求定義書.docx	Word	4 pages	4	993	5616
014_テンプレート__設計工程__システム概要仕様書.jpg	テンプレート/設計工程/システム概要仕様書.docx	Word	6 pages	6	993	8424
015_テンプレート__設計工程__システム構造設計書.jpg	テンプレート/設計工程/システム構造設計書.docx	Word	6 pages	6	993	8424
016_テンプレート__設計工程__データベース定義書__sheet_01_表紙.jpg	テンプレート/設計工程/データベース定義書.xlsx	Excel	表紙	1	1404	993
016_テンプレート__設計工程__データベース定義書__sheet_02_更新履歴.jpg	テンプレート/設計工程/データベース定義書.xlsx	Excel	更新履歴	2	1404	1986
016_テンプレート__設計工程__データベース定義書__sheet_03_一覧.jpg	テンプレート/設計工程/データベース定義書.xlsx	Excel	一覧	2	1404	1986
016_テンプレート__設計工程__データベース定義書__sheet_04_データ定義.jpg	テンプレート/設計工程/データベース定義書.xlsx	Excel	データ定義	2	1404	1986
016_テンプレート__設計工程__内部設計書.jpg	テンプレート/設計工程/内部設計書.docx	Word	6 pages	6	993	8424
017_テンプレート__設計工程__外部設計書.jpg	テンプレート/設計工程/外部設計書.docx	Word	6 pages	6	993	8424
018_テンプレート__設計工程__概要設計書.jpg	テンプレート/設計工程/概要設計書.docx	Word	6 pages	6	993	8424
019_テンプレート__設計工程__詳細設計書.jpg	テンプレート/設計工程/詳細設計書.docx	Word	6 pages	6	993	8424
020_テンプレート__試験工程__システム試験一覧__sheet_01_表紙.jpg	テンプレート/試験工程/システム試験一覧.xlsx	Excel	表紙	1	1404	993
020_テンプレート__試験工程__システム試験一覧__sheet_02_システム試験管理一覧.jpg	テンプレート/試験工程/システム試験一覧.xlsx	Excel	システム試験管理一覧	4	1404	3972
020_テンプレート__試験工程__システム試験仕様書.jpg	テンプレート/試験工程/システム試験仕様書.docx	Word	6 pages	6	993	8424
021_テンプレート__試験工程__不具合管理一覧__sheet_01_表紙.jpg	テンプレート/試験工程/不具合管理一覧.xlsx	Excel	表紙	1	1404	993
021_テンプレート__試験工程__不具合管理一覧__sheet_02_不具合管理一覧.jpg	テンプレート/試験工程/不具合管理一覧.xlsx	Excel	不具合管理一覧	4	1404	3972
021_テンプレート__試験工程__不具合管理一覧__sheet_03_Sheet3.jpg	テンプレート/試験工程/不具合管理一覧.xlsx	Excel	Sheet3	1	993	1404
021_テンプレート__試験工程__不具合管理票.jpg	テンプレート/試験工程/不具合管理票.docx	Word	2 pages	2	993	2808
022_テンプレート__試験工程__仕様変更管理.jpg	テンプレート/試験工程/仕様変更管理.docx	Word	1 pages	1	993	1404
023_テンプレート__試験工程__仕様変更管理一覧__sheet_01_表紙.jpg	テンプレート/試験工程/仕様変更管理一覧.xlsx	Excel	表紙	1	1404	993
023_テンプレート__試験工程__仕様変更管理一覧__sheet_02_不具合管理一覧.jpg	テンプレート/試験工程/仕様変更管理一覧.xlsx	Excel	不具合管理一覧	4	1404	3972
023_テンプレート__試験工程__仕様変更管理一覧__sheet_03_Sheet3.jpg	テンプレート/試験工程/仕様変更管理一覧.xlsx	Excel	Sheet3	1	993	1404
023_テンプレート__試験工程__結合試験一覧__sheet_01_表紙.jpg	テンプレート/試験工程/結合試験一覧.xlsx	Excel	表紙	1	1404	993
023_テンプレート__試験工程__結合試験一覧__sheet_02_結合試験管理一覧.jpg	テンプレート/試験工程/結合試験一覧.xlsx	Excel	結合試験管理一覧	4	1404	3972
023_テンプレート__試験工程__結合試験仕様書.jpg	テンプレート/試験工程/結合試験仕様書.docx	Word	6 pages	6	993	8424
024_説明付き__保守運用__システム復旧手順書.jpg	説明付き/保守運用/システム復旧手順書.docx	Word	6 pages	6	993	8424
025_説明付き__保守運用__システム更新手順書.jpg	説明付き/保守運用/システム更新手順書.docx	Word	6 pages	6	993	8424
026_説明付き__保守運用__システム障害管理.jpg	説明付き/保守運用/システム障害管理.docx	Word	1 pages	1	993	1404
027_説明付き__保守運用__システム障害管理一覧__sheet_01_表紙.jpg	説明付き/保守運用/システム障害管理一覧.xlsx	Excel	表紙	1	1404	993
027_説明付き__保守運用__システム障害管理一覧__sheet_02_システム障害管理一覧.jpg	説明付き/保守運用/システム障害管理一覧.xlsx	Excel	システム障害管理一覧	4	1404	3972
027_説明付き__保守運用__システム障害管理一覧__sheet_03_Sheet3.jpg	説明付き/保守運用/システム障害管理一覧.xlsx	Excel	Sheet3	1	993	1404
027_説明付き__実装工程__単体試験一覧__sheet_01_表紙.jpg	説明付き/実装工程/単体試験一覧.xlsx	Excel	表紙	1	1404	993
027_説明付き__実装工程__単体試験一覧__sheet_02_不具合管理一覧.jpg	説明付き/実装工程/単体試験一覧.xlsx	Excel	不具合管理一覧	4	1404	3972
027_説明付き__要件定義__スケジュール__sheet_01_仕様書の基本と仕組みシステムスケジュール.jpg	説明付き/要件定義/スケジュール.xlsx	Excel	仕様書の基本と仕組みシステムスケジュール	6	993	8424
027_説明付き__要件定義__スケジュール__sheet_02_Sheet2.jpg	説明付き/要件定義/スケジュール.xlsx	Excel	Sheet2	1	993	1404
027_説明付き__要件定義__スケジュール__sheet_03_Sheet3.jpg	説明付き/要件定義/スケジュール.xlsx	Excel	Sheet3	1	993	1404
027_説明付き__要件定義__プロジェクト計画書.jpg	説明付き/要件定義/プロジェクト計画書.docx	Word	7 pages	7	993	9828
028_説明付き__要件定義__要求定義書.jpg	説明付き/要件定義/要求定義書.docx	Word	4 pages	4	993	5616
029_説明付き__設計工程__システム概要仕様書.jpg	説明付き/設計工程/システム概要仕様書.docx	Word	6 pages	6	993	8424
030_説明付き__設計工程__システム構造設計書.jpg	説明付き/設計工程/システム構造設計書.docx	Word	6 pages	6	993	8424
031_説明付き__設計工程__データベース定義書__sheet_01_表紙.jpg	説明付き/設計工程/データベース定義書.xlsx	Excel	表紙	1	1404	993
031_説明付き__設計工程__データベース定義書__sheet_02_更新履歴.jpg	説明付き/設計工程/データベース定義書.xlsx	Excel	更新履歴	2	1404	1986
031_説明付き__設計工程__データベース定義書__sheet_03_一覧.jpg	説明付き/設計工程/データベース定義書.xlsx	Excel	一覧	2	1404	1986
031_説明付き__設計工程__データベース定義書__sheet_04_データ定義.jpg	説明付き/設計工程/データベース定義書.xlsx	Excel	データ定義	2	1404	1986
031_説明付き__設計工程__内部設計書.jpg	説明付き/設計工程/内部設計書.docx	Word	6 pages	6	993	8424
032_説明付き__設計工程__外部設計書.jpg	説明付き/設計工程/外部設計書.docx	Word	6 pages	6	993	8424
033_説明付き__設計工程__概要設計書.jpg	説明付き/設計工程/概要設計書.docx	Word	6 pages	6	993	8424
034_説明付き__設計工程__詳細設計書.jpg	説明付き/設計工程/詳細設計書.docx	Word	6 pages	6	993	8424
035_説明付き__試験工程__システム試験一覧__sheet_01_表紙.jpg	説明付き/試験工程/システム試験一覧.xlsx	Excel	表紙	1	1404	993
035_説明付き__試験工程__システム試験一覧__sheet_02_システム試験管理一覧.jpg	説明付き/試験工程/システム試験一覧.xlsx	Excel	システム試験管理一覧	4	1404	3972
035_説明付き__試験工程__システム試験仕様書.jpg	説明付き/試験工程/システム試験仕様書.docx	Word	6 pages	6	993	8424
036_説明付き__試験工程__不具合管理一覧__sheet_01_表紙.jpg	説明付き/試験工程/不具合管理一覧.xlsx	Excel	表紙	1	1404	993
036_説明付き__試験工程__不具合管理一覧__sheet_02_不具合管理一覧.jpg	説明付き/試験工程/不具合管理一覧.xlsx	Excel	不具合管理一覧	4	1404	3972
036_説明付き__試験工程__不具合管理一覧__sheet_03_Sheet3.jpg	説明付き/試験工程/不具合管理一覧.xlsx	Excel	Sheet3	1	993	1404
036_説明付き__試験工程__不具合管理票.jpg	説明付き/試験工程/不具合管理票.docx	Word	2 pages	2	993	2808
037_説明付き__試験工程__仕様変更管理.jpg	説明付き/試験工程/仕様変更管理.docx	Word	1 pages	1	993	1404
038_説明付き__試験工程__仕様変更管理一覧__sheet_01_表紙.jpg	説明付き/試験工程/仕様変更管理一覧.xlsx	Excel	表紙	1	1404	993
038_説明付き__試験工程__仕様変更管理一覧__sheet_02_仕様変更管理一覧.jpg	説明付き/試験工程/仕様変更管理一覧.xlsx	Excel	仕様変更管理一覧	4	1404	3972
038_説明付き__試験工程__仕様変更管理一覧__sheet_03_Sheet3.jpg	説明付き/試験工程/仕様変更管理一覧.xlsx	Excel	Sheet3	1	993	1404
038_説明付き__試験工程__結合試験一覧__sheet_01_表紙.jpg	説明付き/試験工程/結合試験一覧.xlsx	Excel	表紙	1	1404	993
038_説明付き__試験工程__結合試験一覧__sheet_02_結合試験管理一覧.jpg	説明付き/試験工程/結合試験一覧.xlsx	Excel	結合試験管理一覧	4	1404	3972
038_説明付き__試験工程__結合試験仕様書.jpg	説明付き/試験工程/結合試験仕様書.docx	Word	6 pages	6	993	8424
